{
"lengthUnit": "mil",
"components": {
	"fields": ["COMPONENT_NO", "COMPONENT_NAME", "LAYER", "X_COORDINATE", "Y_COORDINATE", "ANGLE"],
	"rows": [
		[1, "C1", "T", 276.56, -374.07, 180],
		[2, "C2", "T", 195, -495, 0],
		[3, "C3", "T", 505, -890, 180],
		[4, "C4", "T", 505, -990, 180],
		[5, "C5", "T", 975.36, -1127.78, 270],
		[6, "C7", "T", 2110, -1075, 0],
		[7, "C8", "T", 2109.23, -1210.55, 0],
		[8, "C9", "T", 535, -1190, 90],
		[9, "C10", "T", 2685, -515, 0],
		[10, "C11", "T", 2690, -815, 0],
		[11, "H1", "T", 1895, -145, 0],
		[12, "H2", "T", 1895, -1860, 0],
		[13, "H3", "T", 640, -1850, 0],
		[14, "H4", "T", 640, -145, 0],
		[15, "H5", "T", 2630, -1495, 90],
		[16, "LED1", "T", 488.1, -335.76, 270],
		[17, "LED2", "T", 970, -775, 180],
		[18, "LED3", "T", 970, -938.1, 180],
		[19, "R1", "T", 437.53, -1565.8, 0],
		[20, "R2", "T", 437.53, -1449.91, 0],
		[21, "R3", "T", 490, -515, 90],
		[22, "R4", "T", 810, -1335, 90],
		[23, "R5", "T", 755, -780, 180],
		[24, "R6", "T", 755, -935, 180],
		[25, "R7", "T", 1058.21, -314.75, 270],
		[26, "R8", "T", 1187.01, -314.75, 270],
		[27, "R9", "T", 1375.81, -314.75, 270],
		[28, "R10", "T", 1494.61, -314.75, 270],
		[29, "R11", "T", 1605, -314.75, 270],
		[30, "R12", "T", 1717.2, -314.75, 270],
		[31, "R13", "T", 1816, -314.75, 270],
		[32, "R14", "T", 1924.8, -314.75, 270],
		[33, "SW1", "T", 215, -1135, 90],
		[34, "SW2", "T", 2689.86, -662.73, 180],
		[35, "SW3", "T", 2694.86, -960.38, 180],
		[36, "SW4", "T", 665, -1240, 270],
		[37, "U1", "T", 205, -745, 270],
		[38, "U2", "T", 1585, -1065, 0],
		[39, "USB1", "T", 160, -1545, 270],
		[40, "X2", "T", 2245, -1150, 270],
		[41, "PAD1", "T", 610, -840, 0],
		[42, "PAD1", "B", 610, -840, 0],
		[43, "PAD2", "T", 335, -945, 0],
		[44, "PAD2", "B", 335, -945, 0],
		[45, "TPJLC", "T", 395, -835, 0]
	]
},
"pins": {
	"fields": ["PIN_NO", "PIN_NAME", "PIN_X", "PIN_Y", "LAYER", "PIN_TYPE", "NET_NAME", "NET_TYPE", "PAD_SHAPE", "PAD_SIZEX", "PAD_SIZEY", "HOLE_SIZE", "PAD_ANGLE"],
	"rows": [
		[1, "C1_1", 315.93, -374.07, "T", "SMD", "VCC+3.3V", "", "R", 55.51, 53.15, 0, 180],
		[2, "C1_2", 237.19, -374.07, "T", "SMD", "GND", "GND", "R", 55.51, 53.15, 0, 180],
		[3, "C2_1", 155.63, -495, "T", "SMD", "VCC+3.3V", "", "R", 55.51, 53.15, 0, 0],
		[4, "C2_2", 234.37, -495, "T", "SMD", "GND", "GND", "R", 55.51, 53.15, 0, 0],
		[5, "C3_1", 544.37, -890, "T", "SMD", "GND", "GND", "R", 55.51, 53.15, 0, 180],
		[6, "C3_2", 465.63, -890, "T", "SMD", "+5V", "", "R", 55.51, 53.15, 0, 180],
		[7, "C4_1", 544.37, -990, "T", "SMD", "GND", "GND", "R", 55.51, 53.15, 0, 180],
		[8, "C4_2", 465.63, -990, "T", "SMD", "+5V", "", "R", 55.51, 53.15, 0, 180],
		[9, "C5_1", 975.36, -1088.41, "T", "SMD", "+5V", "", "R", 55.51, 53.15, 0, 270],
		[10, "C5_2", 975.36, -1167.15, "T", "SMD", "GND", "GND", "R", 55.51, 53.15, 0, 270],
		[11, "C7_1", 2070.63, -1075, "T", "SMD", "GND", "GND", "R", 55.51, 53.15, 0, 0],
		[12, "C7_2", 2149.37, -1075, "T", "SMD", "XTAL1", "", "R", 55.51, 53.15, 0, 0],
		[13, "C8_1", 2069.86, -1210.55, "T", "SMD", "GND", "GND", "R", 55.51, 53.15, 0, 0],
		[14, "C8_2", 2148.6, -1210.55, "T", "SMD", "XTAL2", "", "R", 55.51, 53.15, 0, 0],
		[15, "C9_1", 535, -1229.37, "T", "SMD", "RST", "", "R", 55.51, 53.15, 0, 90],
		[16, "C9_2", 535, -1150.63, "T", "SMD", "+5V", "", "R", 55.51, 53.15, 0, 90],
		[17, "C10_1", 2645.63, -515, "T", "SMD", "GND", "GND", "R", 55.51, 53.15, 0, 0],
		[18, "C10_2", 2724.37, -515, "T", "SMD", "P2.0", "", "R", 55.51, 53.15, 0, 0],
		[19, "C11_1", 2650.63, -815, "T", "SMD", "GND", "GND", "R", 55.51, 53.15, 0, 0],
		[20, "C11_2", 2729.37, -815, "T", "SMD", "P2.1", "", "R", 55.51, 53.15, 0, 0],
		[21, "H1_1", 1145, -145, "T", "DIP", "P0.0", "", "R", 70.87, 70.87, 43.31, 0],
		[22, "H1_1", 1145, -145, "B", "DIP", "P0.0", "", "R", 70.87, 70.87, 43.31, 0],
		[23, "H1_2", 1245, -145, "T", "DIP", "P0.1", "", "C", 70.87, 70.87, 43.31, 0],
		[24, "H1_2", 1245, -145, "B", "DIP", "P0.1", "", "C", 70.87, 70.87, 43.31, 0],
		[25, "H1_3", 1345, -145, "T", "DIP", "P0.2", "", "C", 70.87, 70.87, 43.31, 0],
		[26, "H1_3", 1345, -145, "B", "DIP", "P0.2", "", "C", 70.87, 70.87, 43.31, 0],
		[27, "H1_4", 1445, -145, "T", "DIP", "P0.3", "", "C", 70.87, 70.87, 43.31, 0],
		[28, "H1_4", 1445, -145, "B", "DIP", "P0.3", "", "C", 70.87, 70.87, 43.31, 0],
		[29, "H1_5", 1545, -145, "T", "DIP", "P0.4", "", "C", 70.87, 70.87, 43.31, 0],
		[30, "H1_5", 1545, -145, "B", "DIP", "P0.4", "", "C", 70.87, 70.87, 43.31, 0],
		[31, "H1_6", 1645, -145, "T", "DIP", "P0.5", "", "C", 70.87, 70.87, 43.31, 0],
		[32, "H1_6", 1645, -145, "B", "DIP", "P0.5", "", "C", 70.87, 70.87, 43.31, 0],
		[33, "H1_7", 1745, -145, "T", "DIP", "P0.6", "", "C", 70.87, 70.87, 43.31, 0],
		[34, "H1_7", 1745, -145, "B", "DIP", "P0.6", "", "C", 70.87, 70.87, 43.31, 0],
		[35, "H1_8", 1845, -145, "T", "DIP", "P0.7", "", "C", 70.87, 70.87, 43.31, 0],
		[36, "H1_8", 1845, -145, "B", "DIP", "P0.7", "", "C", 70.87, 70.87, 43.31, 0],
		[37, "H1_9", 1945, -145, "T", "DIP", "P2.7", "", "C", 70.87, 70.87, 43.31, 0],
		[38, "H1_9", 1945, -145, "B", "DIP", "P2.7", "", "C", 70.87, 70.87, 43.31, 0],
		[39, "H1_10", 2045, -145, "T", "DIP", "P2.6", "", "C", 70.87, 70.87, 43.31, 0],
		[40, "H1_10", 2045, -145, "B", "DIP", "P2.6", "", "C", 70.87, 70.87, 43.31, 0],
		[41, "H1_11", 2145, -145, "T", "DIP", "P2.5", "", "C", 70.87, 70.87, 43.31, 0],
		[42, "H1_11", 2145, -145, "B", "DIP", "P2.5", "", "C", 70.87, 70.87, 43.31, 0],
		[43, "H1_12", 2245, -145, "T", "DIP", "P2.4", "", "C", 70.87, 70.87, 43.31, 0],
		[44, "H1_12", 2245, -145, "B", "DIP", "P2.4", "", "C", 70.87, 70.87, 43.31, 0],
		[45, "H1_13", 2345, -145, "T", "DIP", "P2.3", "", "C", 70.87, 70.87, 43.31, 0],
		[46, "H1_13", 2345, -145, "B", "DIP", "P2.3", "", "C", 70.87, 70.87, 43.31, 0],
		[47, "H1_14", 2445, -145, "T", "DIP", "P2.2", "", "C", 70.87, 70.87, 43.31, 0],
		[48, "H1_14", 2445, -145, "B", "DIP", "P2.2", "", "C", 70.87, 70.87, 43.31, 0],
		[49, "H1_15", 2545, -145, "T", "DIP", "P2.1", "", "C", 70.87, 70.87, 43.31, 0],
		[50, "H1_15", 2545, -145, "B", "DIP", "P2.1", "", "C", 70.87, 70.87, 43.31, 0],
		[51, "H1_16", 2645, -145, "T", "DIP", "P2.0", "", "C", 70.87, 70.87, 43.31, 0],
		[52, "H1_16", 2645, -145, "B", "DIP", "P2.0", "", "C", 70.87, 70.87, 43.31, 0],
		[53, "H2_1", 1145, -1860, "T", "DIP", "P1.0", "", "R", 70.87, 70.87, 43.31, 0],
		[54, "H2_1", 1145, -1860, "B", "DIP", "P1.0", "", "R", 70.87, 70.87, 43.31, 0],
		[55, "H2_2", 1245, -1860, "T", "DIP", "P1.1", "", "C", 70.87, 70.87, 43.31, 0],
		[56, "H2_2", 1245, -1860, "B", "DIP", "P1.1", "", "C", 70.87, 70.87, 43.31, 0],
		[57, "H2_3", 1345, -1860, "T", "DIP", "P1.2", "", "C", 70.87, 70.87, 43.31, 0],
		[58, "H2_3", 1345, -1860, "B", "DIP", "P1.2", "", "C", 70.87, 70.87, 43.31, 0],
		[59, "H2_4", 1445, -1860, "T", "DIP", "P1.3", "", "C", 70.87, 70.87, 43.31, 0],
		[60, "H2_4", 1445, -1860, "B", "DIP", "P1.3", "", "C", 70.87, 70.87, 43.31, 0],
		[61, "H2_5", 1545, -1860, "T", "DIP", "P1.4", "", "C", 70.87, 70.87, 43.31, 0],
		[62, "H2_5", 1545, -1860, "B", "DIP", "P1.4", "", "C", 70.87, 70.87, 43.31, 0],
		[63, "H2_6", 1645, -1860, "T", "DIP", "P1.5", "", "C", 70.87, 70.87, 43.31, 0],
		[64, "H2_6", 1645, -1860, "B", "DIP", "P1.5", "", "C", 70.87, 70.87, 43.31, 0],
		[65, "H2_7", 1745, -1860, "T", "DIP", "P1.6", "", "C", 70.87, 70.87, 43.31, 0],
		[66, "H2_7", 1745, -1860, "B", "DIP", "P1.6", "", "C", 70.87, 70.87, 43.31, 0],
		[67, "H2_8", 1845, -1860, "T", "DIP", "P1.7", "", "C", 70.87, 70.87, 43.31, 0],
		[68, "H2_8", 1845, -1860, "B", "DIP", "P1.7", "", "C", 70.87, 70.87, 43.31, 0],
		[69, "H2_9", 1945, -1860, "T", "DIP", "P3.0", "", "C", 70.87, 70.87, 43.31, 0],
		[70, "H2_9", 1945, -1860, "B", "DIP", "P3.0", "", "C", 70.87, 70.87, 43.31, 0],
		[71, "H2_10", 2045, -1860, "T", "DIP", "P3.1", "", "C", 70.87, 70.87, 43.31, 0],
		[72, "H2_10", 2045, -1860, "B", "DIP", "P3.1", "", "C", 70.87, 70.87, 43.31, 0],
		[73, "H2_11", 2145, -1860, "T", "DIP", "P3.2", "", "C", 70.87, 70.87, 43.31, 0],
		[74, "H2_11", 2145, -1860, "B", "DIP", "P3.2", "", "C", 70.87, 70.87, 43.31, 0],
		[75, "H2_12", 2245, -1860, "T", "DIP", "P3.3", "", "C", 70.87, 70.87, 43.31, 0],
		[76, "H2_12", 2245, -1860, "B", "DIP", "P3.3", "", "C", 70.87, 70.87, 43.31, 0],
		[77, "H2_13", 2345, -1860, "T", "DIP", "P3.4", "", "C", 70.87, 70.87, 43.31, 0],
		[78, "H2_13", 2345, -1860, "B", "DIP", "P3.4", "", "C", 70.87, 70.87, 43.31, 0],
		[79, "H2_14", 2445, -1860, "T", "DIP", "P3.5", "", "C", 70.87, 70.87, 43.31, 0],
		[80, "H2_14", 2445, -1860, "B", "DIP", "P3.5", "", "C", 70.87, 70.87, 43.31, 0],
		[81, "H2_15", 2545, -1860, "T", "DIP", "P3.6", "", "C", 70.87, 70.87, 43.31, 0],
		[82, "H2_15", 2545, -1860, "B", "DIP", "P3.6", "", "C", 70.87, 70.87, 43.31, 0],
		[83, "H2_16", 2645, -1860, "T", "DIP", "P3.7", "", "C", 70.87, 70.87, 43.31, 0],
		[84, "H2_16", 2645, -1860, "B", "DIP", "P3.7", "", "C", 70.87, 70.87, 43.31, 0],
		[85, "H3_1", 340, -1850, "T", "DIP", "P4.2", "", "R", 66.93, 66.93, 43.31, 0],
		[86, "H3_1", 340, -1850, "B", "DIP", "P4.2", "", "R", 66.93, 66.93, 43.31, 0],
		[87, "H3_2", 440, -1850, "T", "DIP", "P4.6", "", "C", 66.93, 66.93, 43.31, 0],
		[88, "H3_2", 440, -1850, "B", "DIP", "P4.6", "", "C", 66.93, 66.93, 43.31, 0],
		[89, "H3_3", 540, -1850, "T", "DIP", "P4.1", "", "C", 66.93, 66.93, 43.31, 0],
		[90, "H3_3", 540, -1850, "B", "DIP", "P4.1", "", "C", 66.93, 66.93, 43.31, 0],
		[91, "H3_4", 640, -1850, "T", "DIP", "P4.5", "", "C", 66.93, 66.93, 43.31, 0],
		[92, "H3_4", 640, -1850, "B", "DIP", "P4.5", "", "C", 66.93, 66.93, 43.31, 0],
		[93, "H3_5", 740, -1850, "T", "DIP", "P4.4", "", "C", 66.93, 66.93, 43.31, 0],
		[94, "H3_5", 740, -1850, "B", "DIP", "P4.4", "", "C", 66.93, 66.93, 43.31, 0],
		[95, "H3_6", 840, -1850, "T", "DIP", "P4.3", "", "C", 66.93, 66.93, 43.31, 0],
		[96, "H3_6", 840, -1850, "B", "DIP", "P4.3", "", "C", 66.93, 66.93, 43.31, 0],
		[97, "H3_7", 940, -1850, "T", "DIP", "P4.0", "", "C", 66.93, 66.93, 43.31, 0],
		[98, "H3_7", 940, -1850, "B", "DIP", "P4.0", "", "C", 66.93, 66.93, 43.31, 0],
		[99, "H4_1", 290, -145, "T", "DIP", "GND", "GND", "R", 70.87, 70.87, 47.24, 0],
		[100, "H4_1", 290, -145, "B", "DIP", "GND", "GND", "R", 70.87, 70.87, 47.24, 0],
		[101, "H4_2", 390, -145, "T", "DIP", "VCC+3.3V", "", "C", 70.87, 70.87, 47.24, 0],
		[102, "H4_2", 390, -145, "B", "DIP", "VCC+3.3V", "", "C", 70.87, 70.87, 47.24, 0],
		[103, "H4_3", 490, -145, "T", "DIP", "GND", "GND", "C", 70.87, 70.87, 47.24, 0],
		[104, "H4_3", 490, -145, "B", "DIP", "GND", "GND", "C", 70.87, 70.87, 47.24, 0],
		[105, "H4_4", 590, -145, "T", "DIP", "+5V", "", "C", 70.87, 70.87, 47.24, 0],
		[106, "H4_4", 590, -145, "B", "DIP", "+5V", "", "C", 70.87, 70.87, 47.24, 0],
		[107, "H4_5", 690, -145, "T", "DIP", "GND", "GND", "C", 70.87, 70.87, 47.24, 0],
		[108, "H4_5", 690, -145, "B", "DIP", "GND", "GND", "C", 70.87, 70.87, 47.24, 0],
		[109, "H4_6", 790, -145, "T", "DIP", "VCC+3.3V", "", "C", 70.87, 70.87, 47.24, 0],
		[110, "H4_6", 790, -145, "B", "DIP", "VCC+3.3V", "", "C", 70.87, 70.87, 47.24, 0],
		[111, "H4_7", 890, -145, "T", "DIP", "GND", "GND", "C", 70.87, 70.87, 47.24, 0],
		[112, "H4_7", 890, -145, "B", "DIP", "GND", "GND", "C", 70.87, 70.87, 47.24, 0],
		[113, "H4_8", 990, -145, "T", "DIP", "+5V", "", "C", 70.87, 70.87, 47.24, 0],
		[114, "H4_8", 990, -145, "B", "DIP", "+5V", "", "C", 70.87, 70.87, 47.24, 0],
		[115, "H5_1", 2630, -1645, "T", "DIP", "P3.1", "", "R", 66.93, 66.93, 43.31, 90],
		[116, "H5_1", 2630, -1645, "B", "DIP", "P3.1", "", "R", 66.93, 66.93, 43.31, 90],
		[117, "H5_2", 2630, -1545, "T", "DIP", "P3.0", "", "C", 66.93, 66.93, 43.31, 90],
		[118, "H5_2", 2630, -1545, "B", "DIP", "P3.0", "", "C", 66.93, 66.93, 43.31, 90],
		[119, "H5_3", 2630, -1445, "T", "DIP", "+5V", "", "C", 66.93, 66.93, 43.31, 90],
		[120, "H5_3", 2630, -1445, "B", "DIP", "+5V", "", "C", 66.93, 66.93, 43.31, 90],
		[121, "H5_4", 2630, -1345, "T", "DIP", "GND", "GND", "C", 66.93, 66.93, 43.31, 90],
		[122, "H5_4", 2630, -1345, "B", "DIP", "GND", "GND", "C", 66.93, 66.93, 43.31, 90],
		[123, "LED1_1", 488.3, -290.48, "T", "SMD", "GND", "GND", "R", 39.37, 49.21, 0, 90],
		[124, "LED1_2", 488.3, -377.1, "T", "SMD", "$LED1_2", "", "R", 39.37, 49.21, 0, 90],
		[125, "LED2_1", 1015.28, -775.2, "T", "SMD", "P1.0", "", "R", 39.37, 49.21, 0, 0],
		[126, "LED2_2", 928.66, -775.2, "T", "SMD", "$LED2_2", "", "R", 39.37, 49.21, 0, 0],
		[127, "LED3_1", 1015.28, -938.3, "T", "SMD", "P1.1", "", "R", 39.37, 49.21, 0, 0],
		[128, "LED3_2", 928.66, -938.3, "T", "SMD", "$LED3_2", "", "R", 39.37, 49.21, 0, 0],
		[129, "R1_1", 398.16, -1565.8, "T", "SMD", "$R1_1", "", "R", 44.59, 54.21, 0, 0],
		[130, "R1_2", 476.9, -1565.8, "T", "SMD", "GND", "GND", "R", 44.59, 54.21, 0, 0],
		[131, "R2_1", 398.16, -1449.91, "T", "SMD", "$R2_1", "", "R", 44.59, 54.21, 0, 0],
		[132, "R2_2", 476.9, -1449.91, "T", "SMD", "GND", "GND", "R", 44.59, 54.21, 0, 0],
		[133, "R3_1", 490, -554.37, "T", "SMD", "VCC+3.3V", "", "R", 44.59, 54.21, 0, 90],
		[134, "R3_2", 490, -475.63, "T", "SMD", "$LED1_2", "", "R", 44.59, 54.21, 0, 90],
		[135, "R4_1", 810, -1374.37, "T", "SMD", "GND", "GND", "R", 44.59, 54.21, 0, 90],
		[136, "R4_2", 810, -1295.63, "T", "SMD", "RST", "", "R", 44.59, 54.21, 0, 90],
		[137, "R5_1", 794.37, -780, "T", "SMD", "$LED2_2", "", "R", 44.59, 54.21, 0, 180],
		[138, "R5_2", 715.63, -780, "T", "SMD", "VCC+3.3V", "", "R", 44.59, 54.21, 0, 180],
		[139, "R6_1", 794.37, -935, "T", "SMD", "$LED3_2", "", "R", 44.59, 54.21, 0, 180],
		[140, "R6_2", 715.63, -935, "T", "SMD", "VCC+3.3V", "", "R", 44.59, 54.21, 0, 180],
		[141, "R7_1", 1058.21, -275.38, "T", "SMD", "P0.0", "", "R", 44.59, 54.21, 0, 270],
		[142, "R7_2", 1058.21, -354.12, "T", "SMD", "+5V", "", "R", 44.59, 54.21, 0, 270],
		[143, "R8_1", 1187.01, -275.38, "T", "SMD", "P0.1", "", "R", 44.59, 54.21, 0, 270],
		[144, "R8_2", 1187.01, -354.12, "T", "SMD", "+5V", "", "R", 44.59, 54.21, 0, 270],
		[145, "R9_1", 1375.81, -275.38, "T", "SMD", "P0.2", "", "R", 44.59, 54.21, 0, 270],
		[146, "R9_2", 1375.81, -354.12, "T", "SMD", "+5V", "", "R", 44.59, 54.21, 0, 270],
		[147, "R10_1", 1494.61, -275.38, "T", "SMD", "P0.3", "", "R", 44.59, 54.21, 0, 270],
		[148, "R10_2", 1494.61, -354.12, "T", "SMD", "+5V", "", "R", 44.59, 54.21, 0, 270],
		[149, "R11_1", 1605, -275.38, "T", "SMD", "P0.4", "", "R", 44.59, 54.21, 0, 270],
		[150, "R11_2", 1605, -354.12, "T", "SMD", "+5V", "", "R", 44.59, 54.21, 0, 270],
		[151, "R12_1", 1717.2, -275.38, "T", "SMD", "P0.5", "", "R", 44.59, 54.21, 0, 270],
		[152, "R12_2", 1717.2, -354.12, "T", "SMD", "+5V", "", "R", 44.59, 54.21, 0, 270],
		[153, "R13_1", 1816, -275.38, "T", "SMD", "P0.6", "", "R", 44.59, 54.21, 0, 270],
		[154, "R13_2", 1816, -354.12, "T", "SMD", "+5V", "", "R", 44.59, 54.21, 0, 270],
		[155, "R14_1", 1924.8, -275.38, "T", "SMD", "P0.7", "", "R", 44.59, 54.21, 0, 270],
		[156, "R14_2", 1924.8, -354.12, "T", "SMD", "+5V", "", "R", 44.59, 54.21, 0, 270],
		[157, "SW1_1", 94.92, -1233.42, "T", "SMD", "GND", "GND", "R", 27.56, 70.87, 0, 90],
		[158, "SW1_2", 94.92, -1134.99, "T", "SMD", "GND", "GND", "R", 27.56, 70.87, 0, 90],
		[159, "SW1_3", 94.92, -1036.58, "T", "SMD", "GND", "GND", "R", 27.56, 70.87, 0, 90],
		[160, "SW1_4", 335.08, -1233.42, "T", "SMD", "VCC+5V", "", "R", 27.56, 70.87, 0, 90],
		[161, "SW1_5", 335.08, -1134.99, "T", "SMD", "+5V", "", "R", 27.56, 70.87, 0, 90],
		[162, "SW1_6", 335.08, -1036.58, "T", "SMD", "+5V", "", "R", 27.56, 70.87, 0, 90],
		[163, "SW2_1", 2539.86, -662.73, "T", "SMD", "GND", "GND", "R", 33.07, 75.59, 0, 270],
		[164, "SW2_2", 2839.86, -662.73, "T", "SMD", "P2.0", "", "R", 33.07, 75.59, 0, 270],
		[165, "SW3_1", 2544.86, -960.38, "T", "SMD", "GND", "GND", "R", 33.07, 75.59, 0, 270],
		[166, "SW3_2", 2844.86, -960.38, "T", "SMD", "P2.1", "", "R", 33.07, 75.59, 0, 270],
		[167, "SW4_1", 665, -1390, "T", "SMD", "RST", "", "R", 33.07, 75.59, 0, 0],
		[168, "SW4_2", 665, -1090, "T", "SMD", "+5V", "", "R", 33.07, 75.59, 0, 0],
		[169, "U1_1", 114.45, -856.61, "T", "SMD", "GND", "GND", "R", 97.24, 38.58, 0, 270],
		[170, "U1_2", 205, -856.61, "T", "SMD", "VCC+3.3V", "", "R", 97.24, 38.58, 0, 270],
		[171, "U1_3", 295.55, -856.61, "T", "SMD", "+5V", "", "R", 97.24, 38.58, 0, 270],
		[172, "U1_4", 205, -633.39, "T", "SMD", "VCC+3.3V", "", "R", 97.24, 141.73, 0, 270],
		[173, "U2_1", 1427.52, -1290.79, "T", "SMD", "P1.5", "", "O", 16.54, 65.75, 0, 0],
		[174, "U2_2", 1459.02, -1290.79, "T", "SMD", "P1.6", "", "O", 16.54, 65.75, 0, 0],
		[175, "U2_3", 1490.51, -1290.79, "T", "SMD", "P1.7", "", "O", 16.54, 65.75, 0, 0],
		[176, "U2_4", 1522.01, -1290.79, "T", "SMD", "RST", "", "O", 16.54, 65.75, 0, 0],
		[177, "U2_5", 1553.5, -1290.79, "T", "SMD", "P3.0", "", "O", 16.54, 65.75, 0, 0],
		[178, "U2_6", 1585, -1290.79, "T", "SMD", "P4.3", "", "O", 16.54, 65.75, 0, 0],
		[179, "U2_7", 1616.5, -1290.79, "T", "SMD", "P3.1", "", "O", 16.54, 65.75, 0, 0],
		[180, "U2_8", 1647.99, -1290.79, "T", "SMD", "P3.2", "", "O", 16.54, 65.75, 0, 0],
		[181, "U2_9", 1679.49, -1290.79, "T", "SMD", "P3.3", "", "O", 16.54, 65.75, 0, 0],
		[182, "U2_10", 1710.98, -1290.79, "T", "SMD", "P3.4", "", "O", 16.54, 65.75, 0, 0],
		[183, "U2_11", 1742.48, -1290.79, "T", "SMD", "P3.5", "", "O", 16.54, 65.75, 0, 0],
		[184, "U2_12", 1810.79, -1222.48, "T", "SMD", "P3.6", "", "O", 65.75, 16.54, 0, 0],
		[185, "U2_13", 1810.79, -1190.98, "T", "SMD", "P3.7", "", "O", 65.75, 16.54, 0, 0],
		[186, "U2_14", 1810.79, -1159.49, "T", "SMD", "XTAL2", "", "O", 65.75, 16.54, 0, 0],
		[187, "U2_15", 1810.79, -1127.99, "T", "SMD", "XTAL1", "", "O", 65.75, 16.54, 0, 0],
		[188, "U2_16", 1810.79, -1096.5, "T", "SMD", "GND", "GND", "O", 65.75, 16.54, 0, 0],
		[189, "U2_17", 1810.79, -1065, "T", "SMD", "P4.0", "", "O", 65.75, 16.54, 0, 0],
		[190, "U2_18", 1810.79, -1033.5, "T", "SMD", "P2.0", "", "O", 65.75, 16.54, 0, 0],
		[191, "U2_19", 1810.79, -1002.01, "T", "SMD", "P2.1", "", "O", 65.75, 16.54, 0, 0],
		[192, "U2_20", 1810.79, -970.51, "T", "SMD", "P2.2", "", "O", 65.75, 16.54, 0, 0],
		[193, "U2_21", 1810.79, -939.02, "T", "SMD", "P2.3", "", "O", 65.75, 16.54, 0, 0],
		[194, "U2_22", 1810.79, -907.52, "T", "SMD", "P2.4", "", "O", 65.75, 16.54, 0, 0],
		[195, "U2_23", 1742.48, -839.21, "T", "SMD", "P2.5", "", "O", 16.54, 65.75, 0, 0],
		[196, "U2_24", 1710.98, -839.21, "T", "SMD", "P2.6", "", "O", 16.54, 65.75, 0, 0],
		[197, "U2_25", 1679.49, -839.21, "T", "SMD", "P2.7", "", "O", 16.54, 65.75, 0, 0],
		[198, "U2_26", 1647.99, -839.21, "T", "SMD", "P4.4", "", "O", 16.54, 65.75, 0, 0],
		[199, "U2_27", 1616.5, -839.21, "T", "SMD", "P4.5", "", "O", 16.54, 65.75, 0, 0],
		[200, "U2_28", 1585, -839.21, "T", "SMD", "P4.1", "", "O", 16.54, 65.75, 0, 0],
		[201, "U2_29", 1553.5, -839.21, "T", "SMD", "P4.6", "", "O", 16.54, 65.75, 0, 0],
		[202, "U2_30", 1522.01, -839.21, "T", "SMD", "P0.7", "", "O", 16.54, 65.75, 0, 0],
		[203, "U2_31", 1490.51, -839.21, "T", "SMD", "P0.6", "", "O", 16.54, 65.75, 0, 0],
		[204, "U2_32", 1459.02, -839.21, "T", "SMD", "P0.5", "", "O", 16.54, 65.75, 0, 0],
		[205, "U2_33", 1427.52, -839.21, "T", "SMD", "P0.4", "", "O", 16.54, 65.75, 0, 0],
		[206, "U2_34", 1359.21, -907.52, "T", "SMD", "P0.3", "", "O", 65.75, 16.54, 0, 0],
		[207, "U2_35", 1359.21, -939.02, "T", "SMD", "P0.2", "", "O", 65.75, 16.54, 0, 0],
		[208, "U2_36", 1359.21, -970.51, "T", "SMD", "P0.1", "", "O", 65.75, 16.54, 0, 0],
		[209, "U2_37", 1359.21, -1002.01, "T", "SMD", "P0.0", "", "O", 65.75, 16.54, 0, 0],
		[210, "U2_38", 1359.21, -1033.5, "T", "SMD", "+5V", "", "O", 65.75, 16.54, 0, 0],
		[211, "U2_39", 1359.21, -1065, "T", "SMD", "P4.2", "", "O", 65.75, 16.54, 0, 0],
		[212, "U2_40", 1359.21, -1096.5, "T", "SMD", "P1.0", "", "O", 65.75, 16.54, 0, 0],
		[213, "U2_41", 1359.21, -1127.99, "T", "SMD", "P1.1", "", "O", 65.75, 16.54, 0, 0],
		[214, "U2_42", 1359.21, -1159.49, "T", "SMD", "P1.2", "", "O", 65.75, 16.54, 0, 0],
		[215, "U2_43", 1359.21, -1190.98, "T", "SMD", "P1.3", "", "O", 65.75, 16.54, 0, 0],
		[216, "U2_44", 1359.21, -1222.48, "T", "SMD", "P1.4", "", "O", 65.75, 16.54, 0, 0],
		[217, "USB1_7", 80.27, -1715.07, "T", "DIP", "GND", "GND", "O", 43.31, 66.93, 47.24, 270],
		[218, "USB1_7", 80.27, -1715.07, "B", "DIP", "GND", "GND", "O", 43.31, 66.93, 47.24, 270],
		[219, "USB1_7", 80.28, -1374.93, "T", "DIP", "GND", "GND", "O", 43.31, 66.93, 47.24, 270],
		[220, "USB1_7", 80.28, -1374.93, "B", "DIP", "GND", "GND", "O", 43.31, 66.93, 47.24, 270],
		[221, "USB1_7", 229.88, -1715.07, "T", "DIP", "GND", "GND", "O", 43.31, 66.93, 47.24, 270],
		[222, "USB1_7", 229.88, -1715.07, "B", "DIP", "GND", "GND", "O", 43.31, 66.93, 47.24, 270],
		[223, "USB1_7", 229.89, -1374.93, "T", "DIP", "GND", "GND", "O", 43.31, 66.93, 47.24, 270],
		[224, "USB1_7", 229.89, -1374.93, "B", "DIP", "GND", "GND", "O", 43.31, 66.93, 47.24, 270],
		[225, "USB1_A12", 239.72, -1651.3, "T", "SMD", "GND", "GND", "R", 31.5, 47.24, 0, 270],
		[226, "USB1_A5", 239.72, -1525.32, "T", "SMD", "$R2_1", "", "R", 27.56, 47.24, 0, 270],
		[227, "USB1_A9", 239.72, -1604.05, "T", "SMD", "VCC+5V", "", "R", 27.56, 47.24, 0, 270],
		[228, "USB1_B12", 239.72, -1438.7, "T", "SMD", "GND", "GND", "R", 31.5, 47.24, 0, 270],
		[229, "USB1_B5", 239.72, -1564.68, "T", "SMD", "$R1_1", "", "R", 27.56, 47.24, 0, 270],
		[230, "USB1_B9", 239.72, -1485.95, "T", "SMD", "VCC+5V", "", "R", 27.56, 47.24, 0, 270],
		[231, "X2_1", 2245, -1118.5, "T", "DIP", "XTAL1", "", "O", 47.24, 59.05, 39.37, 270],
		[232, "X2_1", 2245, -1118.5, "B", "DIP", "XTAL1", "", "O", 47.24, 59.05, 39.37, 270],
		[233, "X2_2", 2245, -1181.5, "T", "DIP", "XTAL2", "", "O", 47.24, 59.05, 39.37, 270],
		[234, "X2_2", 2245, -1181.5, "B", "DIP", "XTAL2", "", "O", 47.24, 59.05, 39.37, 270],
		[235, "PAD1_1", 610, -840, "T", "DIP", "GND", "GND", "C", 48, 48, 36, 0],
		[236, "PAD1_1", 610, -840, "B", "DIP", "GND", "GND", "C", 48, 48, 36, 0],
		[237, "PAD2_1", 335, -945, "T", "DIP", "+5V", "", "C", 48, 48, 36, 0],
		[238, "PAD2_1", 335, -945, "B", "DIP", "+5V", "", "C", 48, 48, 36, 0],
		[239, "TPJLC_TP1", 395, -835, "T", "TP", "+5V", "", "C", 24, 24, 0, 0],
		[240, "TPJLC_TP2", 560.37, -830, "T", "TP", "GND", "GND", "C", 24, 24, 0, 0]
	]
}
}